{"cameraMode":{"drawMode":0,"name":"Shaded","section":"Shading Mode"},"sceneLighting":false,"audioPlay":false,"sceneViewState":{"showFog":false,"showMaterialUpdate":false,"showSkybox":false,"showFlares":false,"showImageEffects":false,"showParticleSystems":false},"in2DMode":false,"pivot":{"x":2.260718584060669,"y":6.964818954467773,"z":-0.015600757673382759},"rotation":{"x":-0.05876148119568825,"y":-0.021863052621483804,"z":0.0012872677762061358,"w":-0.99803227186203},"size":2.1578891277313234,"orthographic":false}