{"cameraMode":{"drawMode":0,"name":"Shaded","section":"Shading Mode"},"sceneLighting":true,"audioPlay":false,"sceneViewState":{"showFog":false,"showMaterialUpdate":false,"showSkybox":true,"showFlares":false,"showImageEffects":false,"showParticleSystems":false},"in2DMode":false,"pivot":{"x":3.197955846786499,"y":-1.8479912281036378,"z":3.38297438621521},"rotation":{"x":-0.05876148119568825,"y":-0.021863052621483804,"z":0.0012872677762061358,"w":-0.99803227186203},"size":15.93668270111084,"orthographic":false}